,VAE_0,VAE_1,VAE_2,VAE_3,VAE_4,VAE_5,VAE_6,VAE_7,VAE_8,VAE_9,cell_type,cluster
Cell_0,0.40656728,-0.78799856,-1.4393349,-0.52585477,-2.1689067,-0.51707757,1.4653482,-0.03699366,-0.36777386,-0.6295014,Immune,1
Cell_1,0.8620972,-1.4710393,-1.9096363,-0.8594595,0.060600277,-0.1814793,-0.9050338,-0.99050415,-0.52590346,-1.0592308,Immune,1
Cell_2,-0.012919098,1.2482909,-1.9383779,0.21378866,1.5090961,0.79983944,-1.4746811,-0.85018235,0.111929916,-0.40464857,Immune,1
Cell_3,-0.80428284,0.6944089,-1.9215137,-0.10218366,-0.33270726,-0.76428,-0.7445654,-0.30344403,-0.0018005967,-0.43290627,Immune,1
Cell_4,0.1306321,-1.3238015,-1.5618106,0.4342711,-0.112024784,-0.8525534,-0.3455205,-0.94722015,-0.3753093,-0.84169114,Immune,1
Cell_5,0.5162984,-1.6539567,-1.5679766,-0.2786058,0.33188576,-0.92621326,-0.46859345,0.47887027,0.12625258,-0.5693308,Immune,1
Cell_6,-0.9108391,0.42410472,-2.049639,-1.3816503,-0.49967754,0.15043388,-1.6162851,1.0680183,-0.26702982,-0.41971666,Immune,1
Cell_7,-0.27517128,0.45345557,-1.4631703,-1.1110986,0.32275978,-1.0219392,-0.7383197,0.56145567,0.23366383,-0.75996035,Immune,1
Cell_8,-1.2829456,-0.7501279,-1.6950042,0.4742706,0.6664939,0.9060755,-2.0752213,-0.9625769,1.3179048,-0.4249295,Immune,1
Cell_9,-0.99105024,1.3223543,-1.6569132,-0.2568473,-0.34020078,0.44138688,2.0179267,-0.5407103,0.13190816,-0.003235072,Immune,1
Cell_10,-0.351715,0.9916575,-1.8263276,0.35966337,-0.85787284,-0.26997432,-0.049886312,-1.4125068,-2.2347226,0.10971391,Immune,1
Cell_11,-1.4367783,0.8523186,-1.7576114,0.20600322,0.48148632,-0.45321804,0.2509988,0.055787876,-0.9908601,-0.28901488,Immune,1
Cell_12,-1.7999878,0.60746515,-1.7686641,0.66895616,-0.101196304,0.07499609,-0.3263601,0.098353736,-0.14846441,-0.40648192,Immune,1
Cell_13,1.8980209,1.1391557,-1.586446,-1.0903304,1.3624295,-0.08050908,0.8900604,-0.035566203,0.94576865,0.46360922,Immune,1
Cell_14,0.9182961,0.068779655,-1.8657764,-0.7215157,1.1527245,-1.5403144,0.11799996,0.41134077,1.0964017,-0.2951312,Immune,1
Cell_15,-1.9187754,-1.3111455,-1.960698,-0.9943535,-0.013297766,1.203155,0.66918904,-0.29550594,-0.5557431,-0.5904984,Immune,1
Cell_16,0.43053946,1.4782592,-1.785347,-0.63627,1.4984579,-0.4106217,0.21684402,0.98955625,-0.4529293,-0.36546564,Immune,1
Cell_17,-1.0779241,-0.95510036,-1.9766092,0.2133461,0.016615018,-1.2208493,-0.707574,-0.44501802,1.8684361,-1.2086143,Immune,1
Cell_18,-0.8484757,1.2702538,-1.5815145,0.14360897,-0.47243512,0.21601552,-1.15886,-1.494361,-0.06072861,-0.5791599,Immune,1
Cell_19,0.38044596,0.059109673,-1.9931569,1.0826741,0.43538982,-0.6189078,0.5791205,-0.69556254,-0.18502516,-0.87877345,Immune,1
Cell_20,-0.87900734,-1.3036101,-1.769552,-0.73293746,0.8511829,-0.4409651,-1.0640181,1.2543894,-1.271294,-0.83638847,Immune,1
Cell_21,-0.49497792,-1.2078122,-1.7742696,-0.18136844,1.6565115,0.17308187,-1.2119963,-0.6801966,-1.3614306,-0.45490226,Immune,1
Cell_22,-1.3697865,-0.9140209,-1.766599,1.136942,-1.4667546,-1.0797898,-0.4990806,0.9848168,0.8665629,-1.0341114,Immune,1
Cell_23,-0.6262895,1.029414,-1.8557526,0.2534434,1.0974979,-1.572243,0.21316019,-0.1687621,0.17870826,-0.3916877,Immune,1
Cell_24,-0.33392394,0.64849305,-1.5315056,-0.70830613,-0.53523815,-0.061882973,-0.6034859,0.6007937,1.4561763,-0.9528158,Immune,1
Cell_25,-0.5820942,-0.67509097,-1.7326456,0.20900913,-0.99178666,0.040828034,-0.18371826,-0.18935594,-0.29445106,-1.1230066,Immune,1
Cell_26,0.21137047,0.9729107,-1.2812555,1.1247922,0.37754327,0.63013077,-0.18966639,0.38592482,-0.29383639,-0.3514564,Immune,1
Cell_27,-1.1189127,-0.4903326,-1.483133,-1.1534239,-1.2428457,1.1672211,0.5555123,-1.0997585,1.372326,-0.85428023,Immune,1
Cell_28,-0.5556849,-2.2748394,-1.7359818,1.2679052,-0.42683923,-0.45897898,0.23634796,0.710135,-0.21731907,-0.42942107,Immune,1
Cell_29,-0.7909958,-0.35901096,-1.4401755,-0.7558702,-0.37016153,-0.93024796,0.3284775,-0.5441273,-0.50176084,-0.35864288,Immune,1
Cell_30,1.7424045,1.1894051,-1.8046563,-0.963157,0.11244474,-1.5961745,0.24689688,-0.46639377,-1.3319246,-0.6381873,Immune,1
Cell_31,-1.2155427,-0.5303828,-1.630292,0.48138303,-1.4688828,0.16233829,1.2088721,0.4118459,1.37142,-0.20611861,Immune,1
Cell_32,-0.29712725,-1.2422855,-1.8123423,-0.30139777,1.6957096,1.3440505,1.265025,-0.23156878,-0.8553232,-0.123778254,Immune,1
Cell_33,-0.2548488,0.016937014,-1.5839679,-0.23341882,0.18168329,0.5597951,-0.90360063,0.050255302,0.020529702,-0.106744766,Immune,1
Cell_34,-0.114101104,1.3224431,-1.2171197,-0.388757,-0.14538379,-0.12588531,0.6918476,0.85607284,-0.133562,-0.09293187,Immune,1
Cell_35,-0.4126116,-0.40596125,-1.6908735,-0.50295764,0.48087806,0.20528905,1.4196252,0.285041,0.26697272,-0.74036497,Immune,1
Cell_36,0.5575907,-0.5381331,-1.87172,-0.25795007,-0.2741789,-0.14392929,-1.9979886,0.9877849,-0.3156861,-0.26935792,Immune,1
Cell_37,-0.9984225,0.18349192,-1.478522,0.09276873,-0.48376814,-1.622002,-0.7991338,-0.009015745,-0.9395553,-0.6503893,Immune,1
Cell_38,0.44352582,-1.6381953,-1.6098698,0.23484072,-0.724199,0.13586141,2.6415386,-0.5739484,-0.1536547,-0.42067397,Immune,1
Cell_39,-1.1623708,0.21352763,-1.6086907,-1.5045365,-0.38357252,-0.69331986,0.29340312,-1.066757,-1.4434345,-0.1890864,Immune,1
Cell_40,1.3093545,-0.6384472,-1.7062793,-0.07519349,0.14667994,0.7117002,0.0395436,1.289679,0.22986686,-0.5841772,Immune,1
Cell_41,-0.12521441,1.092009,-1.6892908,-0.61550564,0.7409875,-0.11456415,0.5057591,-1.0592784,-0.53273445,-0.6728706,Immune,1
Cell_42,-0.45774278,0.0073487535,-1.2691095,0.19600594,0.25560367,0.25220504,-0.20278214,0.33895203,0.9174879,-0.0852966,Immune,1
Cell_43,0.074778855,-0.21549347,-1.801031,0.18547541,-0.82289535,1.1265763,0.55925906,0.62919134,-0.48568973,-0.98606396,Immune,1
Cell_44,0.011836961,-1.8415074,-1.4706086,1.2450209,-0.30164373,0.37343717,0.76824695,0.1856665,0.017224267,-0.4997674,Immune,1
Cell_45,-0.014113143,0.8808684,-1.4858663,-0.56753963,-1.9095086,0.6742403,-1.4609935,-0.9168743,0.44400856,-0.6092608,Immune,1
Cell_46,0.7498044,-1.044476,-1.5434226,0.3527822,-0.7188085,0.27174103,-0.17998278,1.0187557,-1.5949732,-0.16564152,Immune,1
Cell_47,-1.0046573,-0.8743816,-1.590811,-0.2712625,0.5787808,-0.48418033,-0.00042847544,0.18864799,-1.2410196,-0.22552195,Immune,1
Cell_48,0.23598197,-0.633418,-1.7061411,-0.40663245,1.094914,-0.45862553,-0.18625945,-1.3910834,1.7262306,0.47240907,Immune,1
Cell_49,-1.6501343,-0.14049749,-1.478981,0.6247731,1.1184487,-0.8523546,-0.3603164,0.3803429,0.49501172,-0.69917804,Immune,1
Cell_50,0.37991816,-1.0627382,-1.5797983,-1.4780608,0.60646313,0.18021771,0.73959166,-0.20580366,-0.9898122,-0.5530754,Immune,1
Cell_51,-0.053864345,-0.18892016,-1.4397757,0.14139205,-0.24442413,0.8135403,0.49744955,0.26034573,-0.04243301,-0.6562066,Immune,1
Cell_52,-0.33434483,-0.8488412,-1.7970471,-0.5245985,0.25349322,0.62434906,0.11782955,0.18567666,1.0370222,-0.4039415,Immune,1
Cell_53,0.6308905,0.24206915,-1.8488138,-1.8928671,-0.76150537,-0.2080791,2.1608095,1.0036603,-0.5773664,-0.76819885,Immune,1
Cell_54,-1.777523,-0.36307883,-1.506387,0.41293654,1.0257239,1.3268749,0.0036078691,-0.121512696,0.47936416,0.30787134,Immune,1
Cell_55,0.19181108,0.25758368,-1.8327658,-0.07078814,-0.06007354,0.7338791,-0.22108729,-0.9992398,-1.2188367,-0.70730996,Immune,1
Cell_56,0.5936621,-1.6280766,-1.7285422,0.51507634,-0.23749918,-0.015019927,0.025669571,-0.3110237,-0.96225184,-0.7457616,Immune,1
Cell_57,1.5903656,0.42668745,-1.5862907,0.02482345,0.56494224,-0.34634167,-0.2985364,-0.065108344,-1.7007887,-0.594003,Immune,1
Cell_58,-1.6045337,-0.95764774,-1.9041228,0.029192194,0.5347401,-0.48065585,-0.17029792,-0.23689635,0.2314424,-0.35113207,Immune,1
Cell_59,-0.47050598,-0.88854676,-1.9945939,0.2944762,0.21435161,-0.4514612,-0.06650039,0.10745297,-0.1773488,-0.580007,Immune,1
Cell_60,-1.4746449,0.94992745,-1.6397482,-0.22890845,0.6264339,-0.63012564,-0.02699228,0.20364004,-0.40980208,-0.40030098,Immune,1
Cell_61,-0.099403605,-0.77597964,-2.155271,-0.8976641,0.10603246,-0.2628869,0.12824856,-0.25943246,0.3130143,-0.75098014,Immune,1
Cell_62,0.5389893,0.8556459,-1.7535205,-0.17685351,-0.18818277,-0.97392887,-0.039604805,-1.0107995,1.2293646,-0.031544685,Immune,1
Cell_63,-0.63802755,-1.4034595,-1.728902,-0.49766514,-0.55901563,0.0464288,1.2429012,-0.6543219,-0.5412569,0.09778631,Immune,1
Cell_64,0.07429981,1.3364682,-1.4872781,0.7699044,-1.0605189,0.5476578,-1.5689867,0.36643595,-2.453325,-0.26107734,Immune,1
Cell_65,1.1463017,0.2863842,-1.7954842,-0.20352641,0.623213,1.2507342,0.09403983,0.3847914,-0.18726662,-0.79970753,Immune,1
Cell_66,-0.3724109,-0.77363586,-1.7697141,0.16983756,-1.0496619,-0.73430336,-1.0911226,0.591571,1.2193594,-0.52456737,Immune,1
Cell_67,-0.75737447,1.9274879,-1.0442727,-1.3695548,0.43163726,-1.0951172,-1.3154013,0.25278834,0.66529715,-0.14939114,Immune,1
Cell_68,0.16915977,0.82844174,-1.6842221,-0.4027027,1.2671454,2.0504239,-0.8799528,1.8665998,0.24774732,-0.15380946,Immune,1
Cell_69,-0.5110539,0.025864793,-1.7555015,0.32624435,0.12178908,0.23979345,0.088288404,0.112443484,-0.25184646,-0.2875083,Immune,1
Cell_70,0.2819493,0.37536487,-1.8141562,-0.13931152,1.9714929,0.733707,-0.7813045,1.1206197,-0.28965488,-0.06286225,Immune,1
Cell_71,-1.2319579,1.0528725,-1.2962623,0.41954193,0.6461203,-0.639853,-1.3298874,-1.6681887,-0.3691473,-0.20563337,Immune,1
Cell_72,0.54555845,1.3251824,-1.4263624,0.5182227,-0.3640015,0.82365835,-0.17255583,0.08053765,-0.5013956,-0.50666887,Immune,1
Cell_73,-0.6895598,0.72453785,-1.7704527,-0.3717455,-0.5443374,-1.8540385,-0.13707589,0.79272735,-0.1461952,-0.37526184,Immune,1
Cell_74,-0.20455085,-1.5666395,-1.8856052,-0.3845758,1.252594,1.308589,-0.2985465,0.4003094,-0.05984721,-0.34510142,Immune,1
Cell_75,-0.16286214,-0.19278862,-1.479063,1.1535541,-0.4594613,0.64528203,0.95556617,1.2909187,-0.04833385,-0.22304153,Immune,1
Cell_76,0.5927509,0.8793271,-1.8149396,0.19998378,-0.44575787,0.2797948,-0.5560813,1.2143192,-1.3924483,-0.27494273,Immune,1
Cell_77,-1.3758284,0.53388613,-2.0283513,0.34092507,0.8072272,0.33720523,-0.19592954,-2.16499,0.51801217,-0.76768863,Immune,1
Cell_78,-1.8096073,1.3532425,-1.1484466,0.7630836,-1.0276155,1.7926352,-2.1161783,-0.021172244,-1.1046237,-0.6142888,Immune,1
Cell_79,1.341365,-0.13711418,-2.0685737,-0.18711473,1.0017532,0.7846054,0.9184362,0.79887927,-1.491607,-0.08357042,Immune,1
Cell_80,-0.90175116,-0.015057584,-2.073894,-0.27955836,0.6877182,-1.4240792,-0.4128819,0.591435,0.668515,-0.6604954,Immune,1
Cell_81,-1.4227821,0.7803572,-2.1806114,0.37033206,1.1105835,0.29648137,-0.9886929,-1.1407286,-1.1918184,-0.08965635,Immune,1
Cell_82,-1.6122394,-1.1302533,-1.8639107,0.2370308,0.9563881,-2.3870246,0.72589934,0.41991046,0.07691063,-0.42736962,Immune,1
Cell_83,-0.6322347,-0.54215163,-1.7803348,0.5923395,-0.67559296,-1.6088746,-0.60884947,0.22328505,0.39560777,-0.3071507,Immune,1
Cell_84,0.780781,0.35633016,-1.9546338,-0.6754315,-0.25802255,-1.171973,-0.4505672,1.4558101,-1.5799186,-0.7526986,Immune,1
Cell_85,-0.5135779,-1.598067,-1.495457,1.4605408,0.42014426,-0.23168728,-0.6993983,0.20804374,-0.18210888,-0.12003428,Immune,1
Cell_86,1.0041789,-0.15138033,-1.3936796,0.68070483,0.64725065,-0.7443311,-0.24558935,0.1562381,-1.0991493,-0.95732707,Immune,1
Cell_87,-1.7554127,-1.1036041,-1.5798513,1.6773971,-0.9018072,0.81393546,1.0978116,1.107233,-0.043926604,-0.14275056,Immune,1
Cell_88,0.46109864,-0.6701844,-1.9898415,-0.7880955,-0.43182158,0.3326674,0.07915456,0.59763706,-1.5183053,-0.6142296,Immune,1
Cell_89,-1.934196,0.3688061,-2.0860808,0.12268557,0.6874286,-0.077232346,0.2660415,-0.22515282,0.6995838,-0.45029756,Immune,1
Cell_90,-0.68414605,-0.29054752,-1.8633288,0.059622698,1.5408096,1.5528055,1.935113,-0.8650116,1.3193238,-0.17738038,Immune,1
Cell_91,-0.34942108,-0.15570468,-1.4447671,-0.36750364,0.14237097,-0.19209643,0.7209399,-1.5041801,-1.1770594,-0.56943667,Immune,1
Cell_92,0.16546452,-1.8464326,-1.6065099,0.3503436,0.37673897,1.2069947,-0.10342731,-1.1984211,1.315452,-0.22457516,Immune,1
Cell_93,-0.67455435,1.1049782,-1.5663836,0.43457863,0.04858426,-0.035841957,0.6184783,0.031498656,-0.2119366,-1.0438912,Immune,1
Cell_94,-0.21539141,1.8647214,-1.6427959,0.2207306,0.3610052,-0.41224208,0.68370235,-0.7649216,0.29138273,-0.46507916,Immune,1
Cell_95,-0.7377497,-1.6944894,-1.9259094,0.9167998,0.74542576,-1.1188159,0.15470208,-1.1083544,1.2571213,-0.6731067,Immune,1
Cell_96,-0.38397095,-1.4275194,-1.810355,-1.0938106,-0.68825924,0.30692148,-1.4799418,-0.6078946,-0.19132623,-0.6291311,Immune,1
Cell_97,0.15649307,-0.95750505,-1.7094232,-0.55773574,-0.020641148,-0.8456809,-0.035372704,-0.23726082,0.36222276,-0.94382495,Immune,1
Cell_98,-0.3550473,0.5843439,-1.585112,-1.3630899,-0.4238387,-1.3813957,0.45355058,-0.9981783,-0.9070815,-0.51986164,Immune,1
Cell_99,-1.0598983,-0.69636565,-0.97624373,0.17757726,-0.10569597,0.8932706,-0.84012103,-0.8553925,-0.5504003,-0.4355963,Immune,1
Cell_100,-1.2033089,1.2749035,-1.7422423,-0.13076489,1.9684772,0.6253987,0.40454245,-0.15845919,1.5552438,-0.1525422,Immune,1
Cell_101,0.9949205,0.34692153,-1.5269419,-0.5595613,0.9979441,0.100614995,-0.59674805,1.3350117,-0.43263286,-0.021300614,Immune,1
Cell_102,0.72481036,0.053691097,-1.5102854,-0.12832022,0.11653002,-0.8070762,-1.1905146,-0.29325333,0.5674157,-0.49329787,Immune,1
Cell_103,-0.3397234,-0.22980301,-1.8700567,-1.1735289,-0.32522523,-0.23946802,-0.5421771,-0.5753091,-0.74179673,-0.21076712,Immune,1
Cell_104,0.17169559,0.36122692,-1.7059542,0.44171363,-0.37191814,0.023997277,-0.22157815,0.7042757,0.22376755,0.09532654,Immune,1
Cell_105,-1.1436241,0.38100776,-2.2026942,-0.4527436,0.14905494,-0.09460892,-0.046226956,0.028277077,1.6758939,-1.163711,Immune,1
Cell_106,-0.5362555,1.2053456,-1.9850092,1.034339,0.935913,-0.8432825,-0.7648165,-0.8527165,1.211038,-0.8968257,Immune,1
Cell_107,-1.051414,0.03130166,-1.7940995,0.092377044,0.12201355,0.9174329,-0.32102627,0.7386563,1.2066561,-0.9252316,Immune,1
Cell_108,-1.47928,0.45749396,-1.620278,0.5696431,-0.19401938,-0.5854166,-0.9726757,1.7187693,-0.5349871,-0.07724291,Immune,1
Cell_109,0.5783717,0.96515596,-1.9361852,0.42372376,-1.5769479,0.45178893,1.1991861,-0.8970759,-0.23248824,-0.5851139,Immune,1
Cell_110,-0.98541677,-0.27880338,-1.3944381,0.023366645,-0.049212426,-0.40586472,0.12410917,0.9138489,1.1411859,-0.7401444,Immune,1
Cell_111,0.20564675,0.19141397,-1.1032684,-0.79889107,-0.029255904,0.5927257,0.5630755,-1.1309557,-0.84279376,-0.33258355,Immune,1
Cell_112,1.2538563,-1.6656926,-1.585083,-1.1757898,0.0064310953,-0.8459512,-0.72829807,-0.22068529,0.6863462,-0.69838643,Immune,1
Cell_113,-0.047684312,1.6666211,-1.9135469,-0.6663163,1.5115265,0.50096714,1.4524635,1.4065026,-0.76088625,-0.4441295,Immune,1
Cell_114,-0.778221,1.8171531,-1.5734668,-0.92322296,0.025779244,-0.062291466,-1.2351602,-1.4566283,-0.08269919,-1.4497662,Immune,1
Cell_115,-0.5341488,-0.10350769,-1.5921304,-1.4919915,0.9975997,-1.1140062,-1.5334994,0.55445784,-0.6130387,-0.63915586,Immune,1
Cell_116,-0.56273115,-0.1497083,-2.0290995,-1.0777075,-0.6644914,-0.15792952,-0.12813273,-1.7178526,-0.09587735,-0.20440546,Immune,1
Cell_117,-0.7525386,-0.9713669,-1.6579276,0.23232248,0.19324932,0.16425356,0.9234641,1.9533327,1.1574996,-0.13111705,Immune,1
Cell_118,0.13684407,0.14961454,-1.5258267,0.2001232,-1.5573632,-0.16838682,0.8539107,1.0125362,-1.0009773,-0.34057552,Immune,1
Cell_119,-0.46695668,-0.7268352,-1.634743,-0.98085356,-0.23242389,-0.56793106,-1.5936983,-0.6332147,-0.24662113,-0.91557187,Immune,1
Cell_120,-0.35477775,-0.15709518,-1.9250292,0.4298175,0.21729314,-0.21621704,1.1745516,0.64744383,0.5223261,-0.78295314,Immune,1
Cell_121,1.1114479,-0.18712533,-1.4568298,-0.69736147,-0.14704728,0.6879539,-0.09085098,1.1067367,-0.7755287,-1.0451373,Immune,1
Cell_122,-1.1314447,-1.0428388,-1.6936959,0.00930205,-0.28726035,0.8777037,0.11137149,1.0764726,0.44915056,-0.5544439,Immune,1
Cell_123,0.085657686,-0.031461652,-2.1556323,0.40246597,0.18388817,0.009207219,0.013186514,0.20630762,0.22822535,-0.66744506,Immune,1
Cell_124,-1.7621735,-0.18171741,-1.4726582,0.2390672,1.4653873,0.10972289,1.0867876,-0.5836705,-0.5197271,-0.5468358,Immune,1
Cell_125,-0.67045975,1.6158988,-1.5597389,0.2042065,-0.6288261,-0.13623767,0.9293557,-0.8681322,-0.9535208,-0.40535992,Immune,1
Cell_126,-0.1295043,-1.3654188,-1.3910447,-0.89819396,-0.53627783,0.55230147,-0.6934762,0.96728355,-1.0948211,-0.50313556,Immune,1
Cell_127,-1.0113397,0.10367858,-1.166147,0.40270454,0.5747885,-1.2571752,-1.3456632,-0.36704874,-1.7380918,-0.94772035,Immune,1
Cell_128,-0.035615817,-0.542859,-2.0443966,0.07219586,-0.13925563,0.24294162,-1.6311958,-1.4339106,-0.33805615,-0.8519298,Immune,1
Cell_129,-0.6512127,-0.15355709,-1.7934293,1.1147518,1.563285,0.3910665,2.2229173,-0.7775432,-0.64970917,-0.1686188,Immune,1
Cell_130,0.062028825,-0.56812584,-1.6147789,-0.75232065,-0.8147912,-1.4350998,0.8251047,-1.3106401,-1.7668262,0.031666994,Immune,1
Cell_131,0.85665506,0.6684032,-2.0823674,0.045866057,-0.2774304,0.113786176,0.56485134,0.8615864,-0.5823028,-0.6442719,Immune,1
Cell_132,-0.6854962,0.9917826,-1.7038519,-0.6770928,-0.503824,0.6121308,-0.6519621,0.5944873,0.495744,-0.26611507,Immune,1
Cell_133,1.109683,-0.8297422,-1.6427975,-0.3468386,-0.053707607,-1.0708623,-0.059738588,0.098691545,-0.9535447,-0.7854924,Immune,1
Cell_134,-0.18154849,0.5704494,-1.5461069,-0.12569901,-0.7517197,-0.092867605,-0.13878179,-0.5281872,-0.48502785,-0.99639976,Immune,1
Cell_135,0.8444706,1.3012093,-1.6928154,-0.37256736,-0.54015917,0.7592334,-0.5336356,0.067733556,-0.20819128,-0.4874006,Immune,1
Cell_136,-1.3108383,-0.9498691,-2.1022549,-0.04735194,2.5464911,-0.26222235,-0.28270805,-0.17093486,-0.453372,-0.09647024,Immune,1
Cell_137,-0.036105335,1.6659685,-1.9140648,0.34808445,-1.3840225,-0.6258089,-1.4679358,0.5343167,-0.8979944,-0.840443,Immune,1
Cell_138,-0.69130796,2.0050921,-1.808443,0.6424835,-2.4952219,-1.4304473,-0.1787987,-0.55311364,0.0021742433,-0.42297792,Immune,1
Cell_139,-0.06588368,-1.055837,-1.101255,0.18392238,-0.73780483,-2.7025805,0.44650316,-0.39588302,1.1366175,-0.73099333,Immune,1
Cell_140,-1.3031795,1.0283432,-1.7648919,0.36213633,-0.4512565,-0.0009223446,0.3502086,0.08942868,0.98227465,-0.7590028,Immune,1
Cell_141,-0.62890553,1.5559728,-1.5011504,1.1097178,3.5403504,-0.78065425,-0.5414353,0.7239456,-1.4716635,-0.6188604,Immune,1
Cell_142,-0.14456475,0.4271032,-1.8080854,1.030092,0.20814732,-0.15869054,-0.123013504,1.9669057,-1.0127343,-0.8009132,Immune,1
Cell_143,-1.3116745,-0.013782414,-1.6830952,0.30153358,0.80016,0.39518416,0.38909867,-1.8220088,-1.0313416,-0.6794338,Immune,1
Cell_144,0.063726455,0.22858994,-1.3370907,-0.013728246,0.7322927,0.8211259,0.4651875,0.5227584,0.0051007792,0.020059347,Immune,1
Cell_145,-0.7964305,0.20600997,-1.6928843,-0.45034438,-0.60170364,1.4230032,-1.107135,0.129225,0.80384237,-0.6200401,Immune,1
Cell_146,-0.1028187,-0.39533573,-1.4343834,0.61551696,1.1574347,0.086496785,0.48459938,0.65016854,-0.92326623,0.08723098,Immune,1
Cell_147,0.53287005,0.51878804,-1.7953032,1.1156675,-0.0030130744,0.12874117,-1.0057881,-0.6747722,-0.37416553,-1.6121207,Immune,1
Cell_148,-0.48253775,-0.6079545,-1.6599572,-0.6804478,0.12765865,-0.30258355,0.33469313,0.7964913,-0.34004182,-0.41209647,Immune,1
Cell_149,-0.23031665,1.1913481,-1.5160594,0.712227,1.3207529,-0.3452945,-0.04090289,0.68738127,-0.762637,-1.0022625,Immune,1
Cell_150,-0.6739733,-1.0272472,1.5938208,1.176289,0.07616755,-0.57133937,-0.13208033,0.64149576,-0.7022537,-0.7803104,Cancer,0
Cell_151,0.3174908,-1.7987198,1.6236049,-0.7525186,1.3853807,0.62376785,-0.85093015,-0.6366836,0.50242466,-0.7965141,Cancer,0
Cell_152,-1.34803,0.44882715,1.5410135,0.8771124,1.3347923,0.9082809,-0.8891021,1.1368864,-1.0553045,-1.0276821,Cancer,0
Cell_153,-0.5024856,0.027229533,1.5694958,-0.98067665,1.6848955,1.3248298,-0.3371446,-0.7814448,-0.038647547,-1.0838883,Cancer,0
Cell_154,0.72236145,1.3676757,1.3913426,-0.15467378,0.18338645,0.14339235,2.345992,0.65223306,-0.6195135,-1.2871273,Cancer,0
Cell_155,-1.1113365,0.5050621,1.025025,0.35904533,-1.0985712,0.3867196,0.13586801,0.66871774,0.51266,-1.2392417,Cancer,0
Cell_156,0.016140282,1.2980355,1.2419707,-1.3729008,-0.0737243,-0.14243864,-0.41973245,0.40510932,-0.57275677,-1.1259753,Cancer,0
Cell_157,-0.458084,-0.78047335,1.5243996,-0.44178444,-0.73817503,0.06899023,0.8283171,0.3842225,0.185282,-1.0877079,Cancer,0
Cell_158,-0.9118737,-1.1790557,1.4589009,-1.816331,1.7224158,0.32381475,-0.28097945,0.9552157,-0.5728313,-0.6974474,Cancer,0
Cell_159,0.03640279,0.15688269,1.3758909,0.89197844,0.9064309,0.73363113,-1.0515071,1.3656609,0.3595373,-0.9205706,Cancer,0
Cell_160,-0.41771334,0.9305695,1.4797978,1.4393146,1.7165495,-0.5207781,0.41121465,1.4898101,0.08858652,-1.0410317,Cancer,0
Cell_161,-0.2821218,-0.32827142,1.5746284,-0.625119,-0.60675716,0.6108378,-0.3152114,1.2462121,-1.5584244,-1.1966511,Cancer,0
Cell_162,0.2430098,-0.17869692,1.3604066,-0.17460078,-0.07530096,0.2153064,0.12212134,-0.7220915,0.90732336,-1.0232862,Cancer,0
Cell_163,0.675317,0.007901907,1.71221,1.5223341,-1.7034335,0.19501507,-0.384571,0.1338779,0.9015527,-1.1828871,Cancer,0
Cell_164,-1.1972378,0.8985641,1.712332,1.0635905,-0.7985408,-0.8742794,-0.42756137,0.89143664,-1.639979,-0.92826086,Cancer,0
Cell_165,0.12099922,-0.07860029,1.9088615,1.0181876,0.4510207,0.15044321,-1.9155124,0.7378665,-0.7832244,-1.1824664,Cancer,0
Cell_166,-0.51489556,1.2148244,1.4432634,-0.9920344,0.72491896,-0.66233945,-1.1377434,-0.4446426,0.3856735,-1.0363789,Cancer,0
Cell_167,0.80138654,1.9023011,1.7272452,1.7987916,-0.45531386,-1.4367778,0.31056905,-0.3417394,1.1875944,-1.2368277,Cancer,0
Cell_168,-0.4745897,-0.7572144,1.5687867,0.009316258,0.6316221,2.2219815,-0.75332564,0.7219089,0.6741121,-1.3283974,Cancer,0
Cell_169,0.3725456,-0.17683008,1.2898543,0.8352499,-0.12141213,0.64465237,1.1503196,0.12818171,-1.2132713,-0.8879437,Cancer,0
Cell_170,0.057901293,0.10059442,1.7174578,0.3954798,-0.6089281,-1.9371307,-0.250806,-0.56639534,-0.08920324,-1.406898,Cancer,0
Cell_171,-0.4196366,0.79317796,1.3181837,1.5537493,-0.5339915,-0.10940691,0.17715132,0.42178562,1.0024158,-1.1498994,Cancer,0
Cell_172,-0.20545554,-1.0940356,1.6289774,0.89625466,1.8260031,-0.1089883,1.1820177,0.44186774,0.5268329,-1.1885364,Cancer,0
Cell_173,-0.339314,0.050911553,1.6751653,-1.1688491,0.32135272,1.9279685,-0.8815458,-0.9120452,1.2322634,-1.1465849,Cancer,0
Cell_174,0.67897815,0.8470173,1.4905665,0.7282723,1.3486712,-0.324821,-0.47697946,1.2248784,-0.554067,-1.3200974,Cancer,0
Cell_175,-0.71496165,-0.20561184,1.7754334,1.7381709,0.98432434,0.11774946,-0.70020837,-0.12751567,0.56087124,-1.1558408,Cancer,0
Cell_176,-0.2880384,1.8756653,1.3636764,-0.35856432,-0.78963083,-0.73208255,-0.69651824,-1.5197996,1.9991889,-1.2922057,Cancer,0
Cell_177,0.40645817,0.7743661,1.547672,-1.4652607,0.96388483,0.727571,1.1516021,-0.16309513,0.6171776,-1.2722888,Cancer,0
Cell_178,-0.5392973,0.32973787,1.5253253,-0.37847126,0.5143737,-0.1310828,-1.1797545,1.249718,-0.8369503,-1.4105496,Cancer,0
Cell_179,-0.48687792,-0.40674734,1.5117748,0.9023524,-0.86023915,0.9329601,0.15791626,0.48061314,0.31723368,-1.2656813,Cancer,0
Cell_180,-0.3090658,-0.6472595,1.7389688,0.38068825,0.04108794,0.050666075,-0.3652802,0.51724,-0.4401126,-1.243504,Cancer,0
Cell_181,0.4318789,0.6956899,1.4146283,0.25489217,0.28746367,-0.32271546,0.031633206,-0.1294434,1.0221837,-1.4398079,Cancer,0
Cell_182,-0.13468207,-0.9744801,1.4897515,-0.7756945,0.42146254,-0.29055718,1.0162592,0.008914396,-0.41296816,-0.99115574,Cancer,0
Cell_183,-0.24890423,-0.5079069,1.4480628,0.80102444,1.8335984,1.3784792,-1.1146599,0.6848129,0.7895132,-1.2422274,Cancer,0
Cell_184,0.51118344,-1.0917048,1.58287,1.2704208,0.004700497,-0.13956805,0.27069336,-1.4194784,-0.5436542,-1.0812515,Cancer,0
Cell_185,-0.7380143,0.2631734,1.4818428,-0.92191863,0.58774424,1.6455429,0.74411446,0.51863575,0.5258317,-1.2230808,Cancer,0
Cell_186,-1.3076603,0.18242872,1.4879355,-0.3206011,1.3238472,1.3535653,0.5154913,-1.0134472,-0.19848426,-1.2551606,Cancer,0
Cell_187,-0.28109074,0.43086213,1.5867182,0.47615054,0.6019997,0.4502341,0.6472286,0.10662068,-0.5990698,-1.1841962,Cancer,0
Cell_188,-0.0735811,0.4633208,1.4903674,-0.22465223,0.5740366,0.81325704,1.8524622,-2.6127052,-0.49506763,-0.892148,Cancer,0
Cell_189,0.09021354,-0.8965704,1.1684666,0.08500825,-0.8757351,0.89961463,1.3085517,-1.3759868,-0.9385527,-0.8429358,Cancer,0
Cell_190,-0.18460189,0.6539912,1.5494335,1.0857509,-0.3598596,-0.7903004,-0.9357441,-0.55638885,0.7196655,-1.1463693,Cancer,0
Cell_191,-0.7414911,0.398662,1.5901163,1.1638836,-0.049254805,0.68285424,-1.4408951,1.0888418,1.1237756,-0.9502586,Cancer,0
Cell_192,-0.3671215,0.54511434,1.771508,-0.22853264,0.868023,1.6830649,-1.6955462,1.8120109,0.6048506,-1.0513195,Cancer,0
Cell_193,-0.8448026,-1.7876078,1.2842946,0.76462626,-0.10526231,0.25695333,0.3328375,0.46231264,-0.6096916,-0.9142477,Cancer,0
Cell_194,-0.20595273,0.20330411,1.5184093,-0.62075466,-0.6518563,0.11646986,-2.2897058,-0.13833112,-0.7874228,-1.1153047,Cancer,0
Cell_195,0.32750088,1.5373544,1.5399132,-1.3331879,0.10975657,0.9604827,-1.766496,0.9849732,0.41199437,-1.1558484,Cancer,0
Cell_196,-0.55211985,-0.51520246,1.4671206,0.43290776,-0.6185346,-0.8351496,-1.7876419,1.337944,-1.1305745,-1.0820643,Cancer,0
Cell_197,-1.1304715,0.6687685,1.2674391,0.2875942,-0.34704688,-0.10936489,-1.1231719,1.475784,0.93706006,-0.9269199,Cancer,0
Cell_198,-1.1365285,-2.2132614,1.4942513,0.08914342,-0.13217366,-0.47928908,0.5939352,-0.95487094,-0.41362512,-1.1474417,Cancer,0
Cell_199,-0.1750624,1.2807579,1.4838804,0.5379948,-0.48370934,-1.5604336,-0.4316818,0.16758284,0.9319699,-0.89777726,Cancer,0
Cell_200,0.3530009,0.07222943,1.5494684,0.38560128,0.97561514,-1.1617728,-0.6669003,-0.124498375,-1.2030226,-0.8397864,Cancer,0
Cell_201,-0.1473246,2.3404438,1.2905766,0.42811242,-0.77374923,0.17710918,-0.24733482,0.09689597,0.22283264,-1.0427461,Cancer,0
Cell_202,-0.8065572,-1.5735078,1.5113287,-1.2763962,1.0095754,0.3481496,0.7547156,-0.1758192,0.40895236,-1.0442748,Cancer,0
Cell_203,0.36383107,-0.5860164,1.538169,0.27289099,0.46020615,-1.0674046,-0.016197804,-0.7559552,0.3216574,-0.72042394,Cancer,0
Cell_204,-0.87452,-1.9288627,1.8215268,-0.3408247,0.18298283,0.98894954,1.9988271,2.4292035,-1.0823194,-0.85051394,Cancer,0
Cell_205,-0.52170855,0.89972234,1.2401371,0.70774275,-0.14116949,-2.1315234,-0.7464845,-0.2594924,0.19497019,-0.84980303,Cancer,0
Cell_206,-1.2089672,-0.8459496,1.4997518,0.5966569,-0.8818357,-0.85015154,-0.12941377,-0.5368499,-1.7624445,-1.0069954,Cancer,0
Cell_207,-0.79438245,0.20382175,1.7204971,-0.5510766,3.0431523,0.22514707,0.3158838,1.6402527,0.4988235,-0.93438405,Cancer,0
Cell_208,-0.0042099953,-0.5067751,1.6739959,1.6321288,1.3864084,-0.5888364,-0.5664168,1.1418935,0.18935037,-1.0331519,Cancer,0
Cell_209,-1.7929499,0.043333888,1.3282984,0.558671,0.20102113,1.7613134,0.06816239,-1.4381607,0.1924037,-0.83706576,Cancer,0
Cell_210,0.85622156,-0.11044201,1.5237083,0.2567401,0.49914566,0.29132906,-0.16372757,0.3732306,-1.1153566,-0.8856718,Cancer,0
Cell_211,-0.7175449,0.7610801,1.3069133,1.4850525,0.6075357,0.39239556,-0.4633509,-0.3089409,1.366657,-0.81683815,Cancer,0
Cell_212,-1.1553004,-0.568792,1.3654772,0.5993765,1.4195983,-0.4369916,-0.22196634,0.040518004,0.8613406,-1.1469214,Cancer,0
Cell_213,-1.1606457,0.6451067,1.4157107,-0.36714604,0.9647372,-0.5561928,0.89892477,0.84936994,0.2808504,-1.5066516,Cancer,0
Cell_214,-0.41686034,-0.21720505,1.4987712,0.7692332,0.021335393,1.1319007,-0.2639301,0.2101902,-0.10547295,-0.92002046,Cancer,0
Cell_215,-0.66415787,0.8008446,1.4848553,-1.1313682,-1.1161046,2.3936245,-0.28738865,-0.03726045,0.3761537,-1.0358609,Cancer,0
Cell_216,-0.35684195,-0.22802879,1.1528167,-0.27299428,-1.7615732,-1.4063631,0.89711964,-0.78272855,-1.2443794,-0.7872263,Cancer,0
Cell_217,-0.030820549,1.0664853,1.812925,-2.9713154,0.68553483,0.50426537,0.21125485,0.26702535,-0.1694439,-0.82387364,Cancer,0
Cell_218,0.18172091,-1.1039487,1.5072774,0.33597532,-1.6045015,1.2394297,0.8042763,0.73781854,0.532127,-1.1124591,Cancer,0
Cell_219,-0.35158014,-1.160697,1.4659374,-0.13137916,0.4287061,0.40841156,-0.0018919297,-0.6069336,-0.09961626,-0.7028202,Cancer,0
Cell_220,-0.04063016,0.27634084,1.3538136,-0.21371317,0.15970913,0.6002818,0.77345204,1.0098096,0.7758062,-1.0004346,Cancer,0
Cell_221,-1.0125091,0.3567815,1.4177316,-0.40482026,-1.4406248,-1.6700206,0.54818267,0.66113067,-0.04586692,-1.2226869,Cancer,0
Cell_222,-0.3609048,-0.20120932,1.5883563,-0.3691593,-0.30310145,2.064127,-1.2881154,0.18933961,-0.7989153,-1.1831962,Cancer,0
Cell_223,-1.0973145,-0.785304,1.4848003,-1.1218479,0.62009513,0.018701311,-0.9433656,1.1082922,-0.07854554,-1.0472261,Cancer,0
Cell_224,-0.41300407,-0.15196767,1.6012324,-1.6451548,0.5943029,-0.026843153,-0.152708,1.9346325,0.3108185,-0.8354582,Cancer,0
Cell_225,-0.14635976,-1.0472524,1.3480281,-0.9158614,0.712628,-1.103567,-0.02910633,-0.44876495,-0.2689228,-1.262145,Cancer,0
Cell_226,-0.08121109,-0.2463048,1.3513508,-1.4229276,-2.2612174,1.1967467,1.5669017,0.7131047,1.0122483,-1.3244658,Cancer,0
Cell_227,-1.1440152,0.7597922,1.4781948,1.4121442,0.85409975,-0.9666983,1.0052507,0.10106404,0.44176435,-1.2458732,Cancer,0
Cell_228,-1.2449515,0.38102368,1.3603678,0.018178623,1.8855836,-0.07254244,0.3200407,1.8004845,1.208429,-0.85550565,Cancer,0
Cell_229,0.48124903,-0.04004237,1.6358335,-1.9866277,-0.8274792,0.5157631,0.91133887,-1.1049387,1.3368688,-0.9842184,Cancer,0
Cell_230,0.3187403,-0.50168675,1.499218,-0.8770919,0.82133806,0.45681548,-0.6194163,0.68281966,-0.14743361,-1.3609955,Cancer,0
Cell_231,-0.102069855,1.5778522,1.4002855,-1.1937503,0.2265414,-0.3067061,1.1103146,-0.4374849,0.08561388,-1.2504255,Cancer,0
Cell_232,-0.18528506,0.4664621,1.6168981,-1.4809262,0.45248333,0.30250928,0.70284325,-0.5425803,0.6507573,-1.0716536,Cancer,0
Cell_233,0.39182046,0.65455467,1.6344597,1.7250872,0.6633313,0.5218789,-1.900051,0.6506309,-2.5372324,-0.9705169,Cancer,0
Cell_234,-1.0387394,0.024750272,1.6789685,0.22351246,-0.5404196,0.7871781,0.4403506,-0.17702794,0.42632103,-0.88708407,Cancer,0
Cell_235,-0.2451208,0.65629715,1.5778612,0.76299924,-0.47110304,1.5174817,-0.37982458,1.0172856,-1.054174,-1.1970297,Cancer,0
Cell_236,-0.06615046,-0.8871496,1.4002268,0.5979487,0.86796296,1.066077,-1.2951328,1.4616657,1.591572,-1.1824723,Cancer,0
Cell_237,-0.20204411,-0.2937237,1.5770037,-0.83168185,1.610049,0.23168042,-1.7273625,1.1955831,-0.23650311,-1.1877477,Cancer,0
Cell_238,1.0527445,1.254254,1.7021184,-0.056813084,2.2671523,0.7029393,-1.241543,1.302959,-0.48126423,-0.9948043,Cancer,0
Cell_239,-1.6003487,0.037634864,1.7939671,-0.16014747,0.8338473,0.59100765,-1.355427,0.74028146,0.4103359,-0.9954821,Cancer,0
Cell_240,-0.038930327,1.6292388,1.4849721,1.7627475,0.62293243,-0.54512846,-0.1513524,0.83172154,-0.04327467,-1.1611744,Cancer,0
Cell_241,-0.74949837,0.5833555,1.5461342,0.080200374,-0.015905976,-0.72793525,-1.9695184,-1.0488745,-1.0109295,-1.1381253,Cancer,0
Cell_242,-0.29691792,0.349887,1.6487896,-1.1753786,-1.0952293,0.1337318,-1.1617974,0.34800863,0.4923538,-0.8060818,Cancer,0
Cell_243,-0.2047191,-0.7227742,1.4959494,1.1740537,-0.87420034,-0.08701873,1.2013638,-1.2149669,0.39937973,-1.4053707,Cancer,0
Cell_244,-0.53635395,1.8222932,1.4183652,-2.2674885,0.28493762,0.21209714,-0.24241675,1.4416608,0.8443393,-0.9630626,Cancer,0
Cell_245,-0.62431884,-0.3717341,1.5211521,-1.7016932,-0.26757973,-0.78746647,0.69939613,-0.2113558,0.15102449,-0.7037684,Cancer,0
Cell_246,-0.12426345,0.42194775,1.678056,-0.18205833,0.83269835,-2.1910799,0.2555573,0.38203788,-0.03266993,-1.1783509,Cancer,0
Cell_247,-1.3560324,-0.7344894,1.3698297,-0.30996245,0.30798027,-0.14664295,2.862473,1.9119381,-0.06234827,-1.2761241,Cancer,0
Cell_248,-0.8108442,0.4793225,1.5459731,-1.6009408,0.8209264,-0.59325945,0.17046231,1.3877959,1.058078,-0.878963,Cancer,0
Cell_249,0.055119097,-0.060255066,1.5468155,-0.0003312584,0.5079786,-0.48703355,-1.7280042,-0.2027651,0.47042003,-1.0456296,Cancer,0
Cell_250,0.33354616,-1.2221686,1.5418223,-0.5338704,0.4236716,0.02251355,-1.5675758,0.16347155,0.4330662,-0.8661267,Cancer,0
Cell_251,-0.32640603,-0.3716517,1.7827864,0.2587668,-0.8765321,0.64726114,-0.1972487,-0.2678523,0.18545401,-1.2611475,Cancer,0
Cell_252,-1.4898641,-1.3581291,1.4946687,0.98424995,0.61605483,-0.9693582,-0.07033747,-0.26269376,-1.4999847,-0.9590551,Cancer,0
Cell_253,-0.86435646,-0.47611463,1.4700505,-1.1352254,0.5985936,0.23435134,1.1690226,-0.1773623,0.72567284,-0.9082225,Cancer,0
Cell_254,-1.0609268,0.80540234,1.7005281,-0.48196954,0.65482104,1.767796,-0.89732325,-0.3417288,-1.451307,-1.0139506,Cancer,0
Cell_255,-1.7168626,-0.20312923,1.4296082,0.9073608,-0.83967894,-1.0426002,0.9161268,-0.056759737,0.4951441,-1.2469659,Cancer,0
Cell_256,-0.8060317,0.24022324,1.6152554,1.5532266,0.11012113,-1.7743022,-0.028603427,-1.1587187,1.3332088,-1.1581917,Cancer,0
Cell_257,0.38069808,1.4316778,1.3905864,-1.0900693,-0.16746229,1.4988508,-0.1828732,-0.7705079,0.5376608,-1.0325749,Cancer,0
Cell_258,-0.6908721,-1.896056,1.3312957,-0.067067645,0.8803696,-1.2690401,0.37570897,0.5368063,1.0952592,-1.1026757,Cancer,0
Cell_259,0.120093554,0.37193233,1.465602,-0.5813548,-0.81606436,-0.84214574,-0.5740354,1.121004,-0.40072387,-1.0765079,Cancer,0
Cell_260,-0.5175935,-0.8501912,1.5844901,-1.1997685,0.13443248,-0.29025596,0.9874774,-1.3919563,-1.23968,-1.1031053,Cancer,0
Cell_261,0.6557424,1.0182884,1.4699125,1.2605189,0.38093293,1.9881942,0.49632165,-0.6095986,-0.28627712,-0.4762239,Cancer,0
Cell_262,-0.48800924,-1.1006391,1.6497054,0.48430794,0.46319234,0.751381,-0.8507537,0.8436018,0.3205267,-1.0705596,Cancer,0
Cell_263,-1.6486574,-0.11514872,1.4746704,0.6170959,0.73444927,-0.64626837,0.36569896,1.5583097,0.98872185,-1.0767606,Cancer,0
Cell_264,-0.19247055,1.7425494,1.4866918,-0.07841123,0.19570296,-0.37931037,-0.93352884,0.5677151,-0.67699677,-1.1265497,Cancer,0
Cell_265,-0.07665762,0.10356332,1.528728,0.6135322,0.8010918,-1.152106,-0.020746876,0.26185182,0.96282715,-0.9691034,Cancer,0
Cell_266,0.408108,1.130122,1.4952798,0.6326222,-0.5389111,-0.98429,-0.643852,0.52781254,-1.6594377,-1.080169,Cancer,0
Cell_267,-0.911095,-0.41371554,1.4689449,-1.4990549,-1.0932207,0.24345857,-0.68255633,-0.059884124,0.9528463,-0.8385258,Cancer,0
Cell_268,0.2117464,0.5629639,1.75089,0.21280383,0.14374599,0.76954764,0.6394031,-0.7220236,0.45283028,-1.2404405,Cancer,0
Cell_269,0.8974916,-1.6633524,1.2981573,-0.9400779,0.184261,-0.518979,-1.6490492,-0.46324933,0.21819352,-0.9797513,Cancer,0
Cell_270,-0.45961347,0.08161061,1.3881657,-0.38624385,1.3709245,0.2516668,0.14036418,-0.39709988,0.070331,-1.0779178,Cancer,0
Cell_271,-0.22607934,0.484111,1.2604454,-1.5217178,0.41548908,1.715494,0.4349515,-0.70909685,-0.15201944,-1.1984717,Cancer,0
Cell_272,-0.4258489,-0.016553039,1.3906438,-0.64061964,0.26558343,0.72648215,0.3170338,0.70270705,0.026055634,-1.163394,Cancer,0
Cell_273,-0.21985108,0.29681057,1.5798057,1.0122116,-1.3612033,-0.28200358,0.35098627,0.38037583,0.4758282,-0.8208289,Cancer,0
Cell_274,-0.7045871,0.9025823,1.4713268,1.3137051,0.43612194,0.69839597,0.56088376,-0.67921835,-0.23159482,-0.85086435,Cancer,0
Cell_275,-0.15336221,1.3453709,1.6645175,-0.09442469,1.5610037,1.1263779,0.993898,-0.39521438,-0.042353682,-1.1718736,Cancer,0
Cell_276,-1.1698227,-0.73225737,1.4890927,0.22340795,-0.40807912,0.00245367,-1.7238183,1.9760206,-0.62648785,-0.8434477,Cancer,0
Cell_277,-0.7873301,1.0583221,1.4558235,0.40771613,0.6861741,0.83583504,1.4038283,-0.5219713,-0.12804778,-0.887743,Cancer,0
Cell_278,-0.36821613,-0.5213826,1.6945939,-0.22772986,0.87713313,-0.41228795,-0.56257486,-1.7501211,-1.2842588,-0.91001356,Cancer,0
Cell_279,-0.6218175,-0.084092036,1.3801643,0.27597,2.7955508,0.73764414,1.3149338,-0.020953186,2.1928236,-1.1452162,Cancer,0
Cell_280,1.0473006,-0.9742619,1.371545,0.02816784,-0.008729845,0.51385295,-0.84397894,-0.95148396,0.6262107,-1.0242871,Cancer,0
Cell_281,0.3173494,-1.0893059,1.6979474,1.1619717,-0.85517323,-0.3298151,1.819221,0.66839945,-0.1644874,-0.9587358,Cancer,0
Cell_282,-0.19165127,0.093498,1.5592846,-0.20872056,0.14506215,0.97885233,1.5814539,2.5139267,-0.3927251,-1.1370903,Cancer,0
Cell_283,1.301641,-0.07290142,1.5151707,1.3427159,0.97058666,-0.9300729,0.17970231,0.27069312,-0.27440614,-1.1538723,Cancer,0
Cell_284,-0.513585,1.3013262,1.4791102,-0.42190057,1.3000877,0.1909967,1.2381618,0.53461456,-1.3777114,-0.952368,Cancer,0
Cell_285,-0.25686753,0.1357709,1.3728845,0.9185865,2.181714,-0.22439732,1.0982609,0.001128532,0.37401268,-0.7217448,Cancer,0
Cell_286,-1.1359133,-0.032333642,1.5742657,1.0507666,-1.1167598,0.009574838,0.33592755,0.16537681,2.022554,-1.0114752,Cancer,0
Cell_287,0.29451472,1.1751485,1.6327456,-1.3495017,0.9660469,-0.9155443,0.6779519,1.0578878,0.18904932,-1.2853732,Cancer,0
Cell_288,-0.890687,-1.2058434,1.8622514,-0.088910066,0.9391341,0.90939254,-2.2228405,-0.99244595,0.45114946,-0.95942473,Cancer,0
Cell_289,-1.1890779,0.4502024,1.4723587,-1.902021,0.52405715,-1.0614793,-1.5238879,0.63781935,-0.4589099,-1.0375859,Cancer,0
Cell_290,-1.0072837,1.3124175,1.501993,-1.8042591,0.22688507,-0.22903386,-0.44455117,-1.4833597,-0.29782432,-1.296732,Cancer,0
Cell_291,-0.310081,0.41731185,1.5187722,-1.1757619,0.17467396,-0.19741403,0.24028811,-0.06602775,-1.2315139,-0.9639261,Cancer,0
Cell_292,0.6771903,0.25705582,1.5218089,1.5253235,0.5005048,1.8050687,0.17422585,-0.09184993,-1.0879155,-1.0538498,Cancer,0
Cell_293,0.021701902,-0.5611502,1.587764,-1.4904126,0.923282,-0.54033136,-0.7747506,1.2030543,0.30038333,-1.1602277,Cancer,0
Cell_294,-0.39914182,-0.21759897,1.3640113,-0.4925599,1.1190287,1.0923471,-0.28924888,-0.061807163,-2.1183488,-0.7816693,Cancer,0
Cell_295,-0.005193323,-0.71313167,1.3524401,0.98908335,-0.9246261,0.82279646,-0.5725779,-1.8136295,0.04841021,-0.73715377,Cancer,0
Cell_296,-0.41564852,0.7825785,1.2526506,0.16385901,0.07849717,-0.5832515,0.6868023,0.8405183,0.064205125,-1.3642213,Cancer,0
Cell_297,-0.63621104,-2.5960634,1.4751217,-0.99370396,0.9333842,0.71092606,0.16653106,-0.7518668,0.04012565,-1.0592006,Cancer,0
Cell_298,-0.9594368,1.0656317,1.3852946,-1.0330892,-0.8416506,0.7383549,0.527184,1.1409931,-1.5892533,-0.9873736,Cancer,0
Cell_299,-0.70901346,1.424678,1.600006,1.3721504,-0.30865303,-0.8764752,-0.06879414,1.5828222,-1.1378744,-0.9658861,Cancer,0
Cell_300,-0.7904086,-0.38535735,1.6931019,-1.2865828,0.76204234,-0.5418093,0.6162882,0.11903583,-1.4442683,-0.7688296,Cancer,0
Cell_301,0.32715625,-0.5737594,1.8341904,0.32085952,-0.95487475,1.7044935,-0.2534263,1.4045457,-0.24054581,-1.0042487,Cancer,0
Cell_302,-0.39327288,-0.021595169,1.4171526,1.6606345,-1.956831,0.41850257,-1.4823154,0.2909781,-0.39008093,-0.8075631,Cancer,0
Cell_303,-0.40155244,0.24421582,1.5451654,0.051313635,0.31869555,-1.8138936,-1.2129813,0.4826956,0.9293803,-0.6426668,Cancer,0
Cell_304,-1.0666323,0.7093566,1.3467408,-0.088793576,1.5662789,0.5156549,-0.32859036,0.4905119,-1.0056475,-1.0136162,Cancer,0
Cell_305,0.29732215,-1.3867786,1.2471045,-1.0531088,0.10939282,1.8327385,1.1414986,-0.38988855,0.34720692,-1.1614171,Cancer,0
Cell_306,-0.37248152,-0.66102517,1.5191184,0.8593895,0.26074082,-0.49400133,-0.592591,0.60208565,-0.8243326,-0.9798827,Cancer,0
Cell_307,-0.36158147,-1.672327,1.6613818,-0.84508663,0.5384472,0.5259344,-0.20447592,0.929502,-1.1175321,-1.0571549,Cancer,0
Cell_308,-0.021898538,0.5002859,1.729615,-0.18422535,-1.0047753,1.6349026,0.30142882,-0.29020518,-1.2074262,-1.1326209,Cancer,0
Cell_309,0.15223202,0.1939149,1.5202376,1.7446616,1.8731141,-1.7439872,-0.6893094,1.3616009,1.6763788,-1.202686,Cancer,0
Cell_310,-1.0670247,-0.6301996,1.7808267,0.50881624,0.20028128,-0.53349066,0.64148635,-1.7467521,-0.60314715,-0.90469426,Cancer,0
Cell_311,-0.23440026,0.07950021,1.5428436,-0.44434673,-1.1362184,0.20979796,-1.0535357,-0.45043117,-2.1523275,-1.1986895,Cancer,0
Cell_312,0.057692647,1.1142426,1.6565275,0.47739688,-1.0415404,1.0890158,0.5272439,0.16183676,-1.3785701,-1.339211,Cancer,0
Cell_313,-0.15767162,-1.2204051,1.4979589,0.62137115,-1.824639,0.9072784,-0.97801065,-0.1581026,0.63057125,-1.2678014,Cancer,0
Cell_314,0.22410184,-0.7557371,1.5705862,-0.26315108,0.70250565,0.26781136,0.029847987,-0.9183944,-0.24262628,-0.8789488,Cancer,0
Cell_315,-0.33439866,0.9624305,1.7037711,-2.8982723,0.9446275,0.26648968,0.42674708,-0.6771599,0.8616648,-0.95240986,Cancer,0
Cell_316,0.0022573173,-0.14918883,1.7016681,-1.2399018,-0.74141246,0.6863828,0.27040625,1.0242261,0.6948304,-1.2174919,Cancer,0
Cell_317,-0.51069355,0.2920364,1.0153575,2.6676252,1.0872022,1.3707353,-0.17647175,-1.7171271,0.7745897,-1.0223379,Cancer,0
Cell_318,0.6581905,0.5305382,1.3374408,0.728001,-0.31108204,-1.1221949,1.8729165,-0.7799473,0.8721618,-0.91535866,Cancer,0
Cell_319,-0.5402223,-0.84673315,1.544608,-1.4552257,-0.49873924,0.6821287,-0.019398741,-0.25095186,0.28223273,-1.215475,Cancer,0
Cell_320,-0.32462513,0.8934009,1.7402538,-0.63829947,1.454722,0.49083373,-0.11193727,1.3399428,0.24356437,-1.008321,Cancer,0
Cell_321,0.5316405,1.1703118,1.6644175,-0.81670284,1.578356,-1.0660627,0.64530647,1.0414681,0.05921018,-0.93590075,Cancer,0
Cell_322,0.5542984,0.3611153,1.5632093,0.71715915,0.54148555,1.0167446,0.63330096,1.0470802,0.93735445,-1.1318278,Cancer,0
Cell_323,0.35540992,0.6417076,1.5720805,0.29514343,0.4217999,0.20612538,-0.2423573,-0.8948791,0.62468964,-0.9030875,Cancer,0
Cell_324,-0.11664215,-0.32388595,1.5923561,0.24187028,0.31636167,0.7690951,1.561915,-0.12326623,0.75498146,-1.0895541,Cancer,0
Cell_325,-0.24594966,1.5024105,1.5623478,0.11922241,0.9159779,0.191407,0.69966775,-0.39259392,0.3985963,-1.2714436,Cancer,0
Cell_326,-0.69311786,0.8010264,1.4389987,0.959877,0.2844395,2.786468,-0.9295336,-0.26913846,0.7690222,-0.7201983,Cancer,0
Cell_327,1.3221663,0.81982124,1.5327704,0.34169605,0.84409493,0.72355604,-0.38959083,-0.3355741,1.8144575,-0.8573163,Cancer,0
Cell_328,1.004356,-0.09415834,1.5504454,0.34239215,-0.8602432,-0.023639157,0.28136605,1.1937716,1.0524309,-1.128244,Cancer,0
Cell_329,-0.23171103,-0.039203186,1.816344,-0.023973882,0.43707943,0.8672901,0.5696659,-0.09854761,-1.379846,-1.0658442,Cancer,0
Cell_330,-0.83111614,-0.86488765,1.4889355,1.4153231,1.3164676,-0.380539,1.3421564,0.48431683,-0.2809121,-1.0912303,Cancer,0
Cell_331,-1.0384481,-1.0144193,1.4634881,0.657184,0.4702878,-0.5980358,1.4378865,0.12816817,0.017805353,-0.56802005,Cancer,0
Cell_332,-1.0840174,0.04879365,1.658441,1.9222319,0.30392757,0.7030466,1.1249349,-1.658388,0.7945689,-1.0551722,Cancer,0
Cell_333,-0.038342357,0.79029673,1.1449764,0.17764671,0.58337855,-1.2741431,-0.6065595,0.92341304,1.2281697,-1.2655325,Cancer,0
Cell_334,-0.64060056,1.0879542,1.3773086,-0.23293993,-0.041426033,-0.97617644,-0.31168315,-1.2103075,-1.2112874,-1.1490841,Cancer,0
Cell_335,-0.7133116,1.9144446,1.4607124,0.12056473,0.40452778,0.24886273,0.9604671,0.9287456,-1.0898905,-1.3349817,Cancer,0
Cell_336,-1.8084295,0.31738856,1.5667698,0.78793216,-0.28945807,0.007814959,0.059264697,0.62935644,-1.4730699,-0.95784587,Cancer,0
Cell_337,-0.43622372,-0.021951502,1.580254,0.97238433,-0.7845895,-0.2565372,0.7795405,0.40839383,0.62012416,-1.0196935,Cancer,0
Cell_338,0.07330519,-0.3166412,1.68093,0.12531535,0.8093152,-0.30977115,-0.5099961,2.4887006,-1.0332093,-1.3541483,Cancer,0
Cell_339,0.32617807,0.9337758,1.3985054,-0.48967806,1.479328,1.7612934,0.6238487,-1.0709573,-0.813316,-1.1142142,Cancer,0
Cell_340,-0.43434468,0.40779606,1.7554251,-0.13824093,1.3949006,-1.1181171,0.65536386,-1.0315002,-0.33711246,-1.49616,Cancer,0
Cell_341,-0.64892054,0.30833876,1.6508154,-0.33072752,-1.6396828,1.0451237,-1.0749322,-0.4655134,-0.9146467,-0.98180807,Cancer,0
Cell_342,-0.9523451,-0.2772338,1.3829293,0.16712663,1.5671631,-1.6868486,1.9796022,-1.0005746,-0.6593124,-1.0327917,Cancer,0
Cell_343,-0.45512712,-0.24697754,1.5259013,-0.22716197,0.69120026,-0.57492936,-1.5972039,-1.6473976,-0.22442608,-1.2456503,Cancer,0
Cell_344,-0.25191578,0.47725415,1.53349,1.1878448,-1.1435324,-0.34014738,0.080534816,0.6597613,-0.17435661,-0.83782375,Cancer,0
Cell_345,-0.3902217,1.6967607,1.7565905,0.5277571,0.82994884,0.07443348,0.99242693,-0.21850196,0.16851601,-1.0108758,Cancer,0
Cell_346,-0.7079357,-0.4615485,1.5711391,1.5961158,1.0068914,1.4035221,-2.3619704,-0.4750623,-0.71047795,-1.0316379,Cancer,0
Cell_347,-0.24269839,-1.4988832,1.5750569,0.5239137,0.68343294,0.7329481,-0.120097816,0.9017866,0.7630116,-1.2881476,Cancer,0
Cell_348,-0.13784257,-0.66957015,1.375541,-0.76420873,0.3418726,1.8746215,-0.0086925775,-0.21946597,1.3551447,-1.1694419,Cancer,0
Cell_349,-1.1838957,0.8053494,1.7248969,1.3330873,2.253606,0.90454304,-0.49068514,0.83953685,1.0333935,-0.8277142,Cancer,0
Cell_350,1.189466,-0.19125828,-0.53473765,-0.033941243,1.093867,-1.6772232,1.498383,-0.98604757,1.4286795,2.1412392,Stromal,2
Cell_351,0.27475435,-0.029348508,-0.7172874,0.90232575,-0.11694029,-1.4419131,-1.2108392,-0.3238113,0.87978196,2.083038,Stromal,2
Cell_352,-0.60100615,-0.32511872,-0.48375338,-0.68396336,0.029181883,1.0527682,2.8153045,0.29614243,1.4655155,1.9749733,Stromal,2
Cell_353,0.5085159,0.13533962,-0.71731406,-0.6197809,-0.83371246,-0.28600052,1.6521835,0.37716824,-0.45441073,2.1466267,Stromal,2
Cell_354,0.54482514,1.2463422,-0.64880335,0.9341218,0.71060824,0.08724278,0.07173622,-0.8608309,0.59075284,1.9733205,Stromal,2
Cell_355,-0.09062594,-0.537568,-0.53303355,-0.77096874,-0.60310745,0.22614163,2.1385736,-0.0066246316,0.1417886,2.143951,Stromal,2
Cell_356,0.2932006,0.64271796,-0.6303205,-0.7564299,0.52694595,-1.4956555,-1.8590795,-0.17010754,-0.4925705,2.1071548,Stromal,2
Cell_357,1.9559484,-0.49564534,-0.42907482,2.7125986,0.5859231,-1.2252755,0.72651446,0.5394353,0.79028034,2.1731448,Stromal,2
Cell_358,-0.043500364,-0.40440094,-0.4568721,-1.758612,-0.17070135,0.052018255,0.07446623,-0.43541852,-1.0418968,2.0863948,Stromal,2
Cell_359,-0.046549857,-1.2305305,-0.4718241,-0.90727305,0.62194914,0.09152967,0.43073973,-0.78683186,0.2337879,2.1597655,Stromal,2
Cell_360,0.9787345,-0.29601932,-0.7421658,-0.4058999,-0.8815073,0.83939195,1.4688174,1.0430846,0.22516304,2.1409154,Stromal,2
Cell_361,1.0267284,-0.6939695,-0.53502595,0.5146109,-2.327369,-0.69421756,-0.6635963,1.5386251,-0.26568794,2.0902357,Stromal,2
Cell_362,0.5696542,-0.11685637,-0.56177276,-0.40931067,-0.1065478,0.4837792,0.33304876,0.7055271,0.6894244,2.2087395,Stromal,2
Cell_363,0.026945055,0.4112492,-0.56910515,-1.2279825,0.5290632,0.068229705,1.2531211,-0.0052094087,1.6838236,2.163316,Stromal,2
Cell_364,0.42566177,-1.9808742,-0.3762402,-0.4165398,1.0698612,0.22164416,1.598375,0.37822914,0.8151319,2.0473752,Stromal,2
Cell_365,0.41522264,1.1935807,-0.61486846,-1.1320121,-3.0326674,-0.053703457,-0.7406169,0.22997892,0.3601812,2.2070248,Stromal,2
Cell_366,0.65695345,2.415026,-0.70288455,0.20460477,-0.044712894,-0.01379101,-0.20020685,2.5865607,1.2843804,2.064315,Stromal,2
Cell_367,1.1642959,-0.13571166,-0.50459445,0.2547642,-1.6197608,0.2516271,-0.43026713,-0.05768442,0.87231815,2.0908225,Stromal,2
Cell_368,0.9568709,-0.21362157,-0.457058,-1.3742352,-0.21703547,0.20935059,0.71869963,-0.62297434,-1.6481991,2.1612227,Stromal,2
Cell_369,0.3978803,1.4503727,-0.5762828,-0.287935,-0.85191166,-0.18232718,-0.34440255,-0.13500135,-1.4879372,2.1050382,Stromal,2
Cell_370,0.0031635165,0.90559894,-0.49269968,-0.9493883,-1.070463,-0.8863546,0.8776118,-1.3219818,0.2459195,2.0401065,Stromal,2
Cell_371,0.05684811,1.3845472,-0.50450736,0.46288636,0.7600813,-0.88052714,-0.13211426,-0.94071496,1.7875924,2.0366547,Stromal,2
Cell_372,-0.05341363,0.8363317,-0.5383064,-1.3324893,-1.3882002,-0.033667058,0.9442312,0.5114899,-0.29462105,2.1249208,Stromal,2
Cell_373,0.969705,0.56749976,-0.60997593,1.8447003,-0.49176306,-1.1570575,0.8038559,-0.021189868,0.29901406,2.1762214,Stromal,2
Cell_374,0.6926763,2.2466815,-0.7943388,0.51783055,-1.571099,-0.91138196,2.7034802,1.1961925,-0.96328616,2.0336168,Stromal,2
Cell_375,0.22098643,0.91266596,-0.603136,-0.121786945,0.50678694,-0.19416322,0.16409716,0.7996553,-0.3899385,2.1496117,Stromal,2
Cell_376,1.2415857,-0.3870752,-0.57244503,0.56399417,-0.8872509,-0.9778133,0.2392908,0.8905711,1.0718995,2.0597153,Stromal,2
Cell_377,1.5571663,0.5138577,-0.7562667,-1.5573381,0.0016575307,-0.8897794,-0.73646194,0.7119204,0.54249525,2.1641686,Stromal,2
Cell_378,0.34141403,0.35325322,-0.67284065,-1.3186165,0.7640833,-0.37374705,0.9893275,1.5875435,0.3884373,2.0243666,Stromal,2
Cell_379,0.46175924,-0.14122538,-0.47823066,-1.4428093,-0.18829693,-1.3237014,0.76193476,-0.9393445,2.0173254,1.9859484,Stromal,2
Cell_380,1.3702983,0.50867563,-0.5538222,0.39163834,-0.08830166,-0.57337165,0.37776843,-0.100034915,-0.40535,2.065193,Stromal,2
Cell_381,0.10850456,-0.7047507,-0.6471658,-0.8558692,-1.0919933,-0.7962382,1.4979963,0.6771818,1.4253259,2.0812645,Stromal,2
Cell_382,1.2317126,-0.5436034,-0.47536424,-1.029115,-0.27139807,0.65015155,0.22421876,-0.431965,0.4906628,2.1033974,Stromal,2
Cell_383,1.3544667,-0.13579926,-0.6753708,-0.07550738,-0.99813396,-0.5724682,2.9322186,-0.65926814,1.1423846,2.0687792,Stromal,2
Cell_384,0.8335292,1.1378388,-0.6770987,0.3753854,-0.7935208,0.24211603,0.3100999,1.0655435,-0.35356295,2.1281574,Stromal,2
Cell_385,0.474544,0.76293933,-0.53484035,1.791878,2.2032585,-0.33475527,1.0928569,-0.070362516,-0.27609187,2.1593418,Stromal,2
Cell_386,1.3727065,1.4211692,-0.583682,-1.1147496,-1.5080546,-0.06699708,-0.2760593,-1.5687567,-0.32338923,2.2006476,Stromal,2
Cell_387,1.4511087,-0.10622656,-0.6071523,-0.60513,-1.8104032,-0.71806455,1.8913012,0.07075688,1.1294388,2.0855882,Stromal,2
Cell_388,0.33872068,0.006199613,-0.5990302,-0.834827,0.67504156,0.13383448,0.9644364,0.27966076,-1.0804987,2.0770307,Stromal,2
Cell_389,0.22790304,0.6443958,-0.78936756,-0.0431698,-0.3877143,-0.5548067,-0.030480415,-0.61238825,0.9417317,2.1869903,Stromal,2
Cell_390,-0.27368832,1.4852332,-0.8326221,0.58714324,-0.4718472,-0.4290232,-0.2224088,1.1340752,-0.086954564,2.0461261,Stromal,2
Cell_391,0.19764319,0.26653886,-0.5408256,-2.8463137,-0.86971724,-0.25812185,-0.29834893,0.54051936,-0.2238209,2.091253,Stromal,2
Cell_392,0.28093123,-0.8505867,-0.6015989,0.101668656,1.7788874,-0.8011246,1.1518629,-1.2500426,1.5849261,2.0957072,Stromal,2
Cell_393,1.7524486,-0.16347425,-0.77364784,-0.02354363,0.44878635,0.3703184,0.8852022,-0.89614874,2.373551,2.1518688,Stromal,2
Cell_394,-0.050315976,-0.7898563,-0.6917592,-1.4780152,0.85264766,-0.81162477,0.53414303,1.220141,0.007904679,2.066069,Stromal,2
Cell_395,0.5420061,-0.4114164,-0.47262096,0.69017917,0.058271542,1.5885464,1.2772917,-1.1910129,-1.8706574,2.085826,Stromal,2
Cell_396,1.5030353,2.2698832,-0.48757792,-0.31975845,0.53655213,-2.1857135,-0.01586464,-1.104726,0.86509144,2.1437728,Stromal,2
Cell_397,1.4420372,0.08768114,-0.73584473,1.0869106,-1.0661228,-1.0920404,1.7099332,0.22463337,0.80395716,1.9988539,Stromal,2
Cell_398,1.2873784,0.7889215,-0.5602858,0.11021522,-0.054680973,-0.48570234,0.981658,0.29341394,0.041157097,2.116109,Stromal,2
Cell_399,1.423012,-0.52253914,-0.6185621,0.111962005,0.95393866,-0.06516139,1.8239653,-0.45533928,0.6834085,2.0719123,Stromal,2
Cell_400,0.035021424,-0.123652846,-0.47721177,-1.2727848,-1.0941813,-0.0752947,-0.22039232,2.0928714,-0.22072652,2.045885,Stromal,2
Cell_401,0.58862567,0.32083297,-0.37920058,-0.37632006,-1.5311916,-0.21345416,1.3349165,0.3498132,1.0498518,2.2093585,Stromal,2
Cell_402,1.1961396,0.67928255,-0.4507693,2.1999831,-0.42587814,0.31851763,0.19228616,-0.38726202,-0.74589777,2.1373959,Stromal,2
Cell_403,-0.3146674,-0.06401187,-0.5794349,0.6696594,0.7081721,-0.7514146,2.3221686,1.0495843,0.26693493,2.2178397,Stromal,2
Cell_404,-1.3055158,0.34939498,-0.5392108,3.3838933,-0.9108025,-0.29490963,0.34891754,0.92907286,0.68241715,2.150463,Stromal,2
Cell_405,0.071020454,-0.011814758,-0.7133385,-0.8752254,0.33737084,-0.6208952,-2.1227324,1.5904199,1.1912892,2.2518146,Stromal,2
Cell_406,0.5103424,0.34671658,-0.41351458,-0.51173025,1.5425578,-1.0416805,1.242047,0.8700461,0.65884954,2.1935196,Stromal,2
Cell_407,-0.009235978,0.4140944,-0.50590754,-0.71714526,-0.8112802,-0.224285,0.9369428,0.23031873,1.1481626,2.1543667,Stromal,2
Cell_408,-1.2712744,0.5312427,-0.73526025,0.19373098,-0.5133827,-0.58814543,-1.1809857,-0.121780775,2.6270223,2.1378958,Stromal,2
Cell_409,0.4859325,0.21453473,-0.6165278,1.3105824,0.11469793,0.9732692,-1.6397266,-0.4881174,1.9081584,1.9880555,Stromal,2
Cell_410,0.20417589,-0.6842448,-0.56334853,1.5741327,-1.1032754,-0.093245,0.58857393,-0.14429227,-0.02248028,2.032497,Stromal,2
Cell_411,0.90637875,1.1338656,-0.48611367,-0.32832575,0.689283,-0.95768994,0.4112306,-0.14910361,-0.6515176,2.1279097,Stromal,2
Cell_412,0.44849062,-0.2840605,-0.65314955,-0.77151316,-0.40480843,-0.02034992,0.6659516,0.883459,0.44752032,2.0820518,Stromal,2
Cell_413,-0.37138397,-0.98864734,-0.656478,0.0018987581,0.14827764,0.0044826567,0.080911726,0.16872194,-0.66952705,2.1191149,Stromal,2
Cell_414,0.02916497,0.20196895,-0.65584266,-1.3966304,-0.0077783465,-0.18231958,0.20701829,1.854955,0.14742649,2.1072824,Stromal,2
Cell_415,1.6871152,-1.1314257,-0.91281515,-0.36288032,0.5587595,-1.4193616,-0.6897843,1.6299908,0.82340074,2.1703002,Stromal,2
Cell_416,0.69021696,2.022495,-0.49675286,0.7420724,1.1200094,0.07149398,0.2100458,-0.4495225,-0.40981218,2.1567223,Stromal,2
Cell_417,1.2980392,0.34091645,-0.700783,-1.0424696,-1.9324946,-0.08762096,-0.49117273,-0.7781417,-0.17360729,2.1045017,Stromal,2
Cell_418,0.82522905,-0.22163777,-0.6368078,-1.6689594,0.82073,0.2686897,0.5498029,-0.1044858,0.6273966,2.0211458,Stromal,2
Cell_419,1.311219,1.1091608,-0.55251217,-0.9954681,-0.014566079,-0.4485008,-1.1270797,0.78814626,0.6168124,2.1356947,Stromal,2
Cell_420,0.92194563,-0.7050009,-0.7649838,-0.25332248,1.2850121,-0.43285692,1.1953735,0.47179005,-1.2892512,2.109297,Stromal,2
Cell_421,-0.5675619,0.20563652,-0.57344574,0.04956228,-0.47107345,0.12236336,1.9230568,0.47755527,-0.52437794,2.100082,Stromal,2
Cell_422,1.159697,0.06296548,-0.86645275,-0.7697644,0.2695913,0.13124782,0.3942366,0.21736762,0.583412,1.9427397,Stromal,2
Cell_423,1.3651234,-2.525126,-0.72595763,0.65990555,1.0357761,-0.21374777,0.7547734,0.67452556,0.39978704,2.1207223,Stromal,2
Cell_424,0.1127283,-1.5376872,-0.50057024,-0.16649917,1.0766356,-0.7244838,2.2434218,-0.3022434,-0.25348026,2.0592437,Stromal,2
Cell_425,1.0765138,-0.34815,-0.2542548,1.301623,0.24668512,0.91973025,0.73596644,-2.6147802,0.22908404,2.1595578,Stromal,2
Cell_426,0.54086274,1.107363,-0.44592714,-1.2302583,0.39444035,0.88826346,0.045503914,0.8971201,-1.3180453,2.1077814,Stromal,2
Cell_427,0.308458,0.49167636,-0.67130363,1.111968,0.32317537,-0.10383339,0.4568145,0.9974884,1.0354772,2.0584426,Stromal,2
Cell_428,-0.007891178,-0.3743462,-0.4910248,-1.070771,0.3194117,-0.630652,-0.21841308,1.238969,0.35448006,2.0341735,Stromal,2
Cell_429,0.43520075,-1.3481165,-0.53887457,1.8177134,-1.213828,0.29789796,0.51155055,0.69440675,0.61167055,2.1466963,Stromal,2
Cell_430,0.68004215,0.43886924,-0.6609374,-0.06425272,1.5318031,-1.0516133,-0.089374125,-0.20886679,0.8795532,2.0633218,Stromal,2
Cell_431,-0.84722775,0.65529853,-0.48431373,-0.21554106,0.21442437,-1.3597574,-1.2950864,0.20680174,0.4459109,1.9653678,Stromal,2
Cell_432,1.3075707,-0.25708187,-0.40250805,0.23322506,-0.11382522,-0.4525349,0.8065126,0.8810048,0.03991598,2.0609396,Stromal,2
Cell_433,0.45212802,-0.48668194,-0.5943097,-1.6214917,-1.0925989,-0.2978332,-1.4927566,-0.4295666,1.065387,2.1391308,Stromal,2
Cell_434,1.7406241,-0.69243056,-0.529376,0.3134999,-0.5715413,-0.07174386,-0.94777644,-0.52718073,0.37382796,2.0625381,Stromal,2
Cell_435,0.20823354,-0.42426834,-0.61639947,-0.6274678,-0.35545486,-1.0114605,-0.40688196,0.18679374,1.0593908,1.963402,Stromal,2
Cell_436,0.6111216,3.5444806,-0.42797622,-0.30000892,-0.14705898,-0.5936279,0.08308789,-0.61904365,-0.13214883,2.0948818,Stromal,2
Cell_437,1.4066429,0.5825486,-0.5989475,-1.1114438,-0.23349442,-1.0492003,-0.8476616,0.96869487,-0.058903575,2.2474685,Stromal,2
Cell_438,1.0884469,0.93278205,-0.57299405,-0.061679076,-0.6153806,0.2894025,-0.0155008435,-1.0727997,-0.72634935,2.0544028,Stromal,2
Cell_439,0.46185812,-0.38094372,-0.5864861,0.12428916,1.1425105,-1.1747825,0.45874527,-0.28370747,0.06544182,2.1932325,Stromal,2
Cell_440,0.87598234,-1.3175529,-0.63959664,0.97180235,-0.34725925,-0.58012116,0.26216418,0.75255984,-1.0117816,2.096754,Stromal,2
Cell_441,0.21228689,-0.99270064,-0.6181487,-0.38485363,0.70240414,-1.3122624,-0.014236778,0.59273994,1.6377741,2.054292,Stromal,2
Cell_442,0.15186763,1.2505379,-0.5549137,1.6018839,-0.05867728,0.4298636,0.6730288,-0.7433374,-0.18724075,1.9836508,Stromal,2
Cell_443,0.6370793,-1.2949111,-0.5379892,-0.55720675,-1.2640544,-0.35365176,0.52472764,1.3440229,0.49265528,1.9047414,Stromal,2
Cell_444,0.43632331,-0.40384766,-0.7483667,-0.58303356,0.080480345,-0.10117206,1.6814181,-0.38415498,1.9649215,2.0424514,Stromal,2
Cell_445,-0.50896424,-1.1236156,-0.66844356,-1.6678975,-1.8282771,-0.71872437,-0.66703105,0.2644616,-0.4962716,2.0783389,Stromal,2
Cell_446,1.0715187,0.46700543,-0.6031535,0.9812951,0.015017033,0.32122996,1.9137218,0.52335787,0.5592979,2.186104,Stromal,2
Cell_447,0.07893294,-0.14633998,-0.7742418,-1.5020936,-2.10531,-0.14568396,-0.12704468,-0.7345232,1.0356584,2.154602,Stromal,2
Cell_448,0.23749775,-0.82740074,-0.523229,-0.43735582,-1.849857,0.06209132,-0.14665425,0.55878574,0.971611,2.1351836,Stromal,2
Cell_449,1.2815976,-2.0886073,-0.45544457,-1.3334575,-1.4548912,-0.15752955,-0.67159903,-0.069445156,0.05607623,2.1541994,Stromal,2
Cell_450,1.0753099,-0.49647558,-0.603047,-0.27885243,0.26382115,0.5066844,-0.553866,-1.0940316,1.0885054,2.1286285,Stromal,2
Cell_451,1.3404595,0.19562833,-0.72719324,0.82808954,0.17683673,0.06814653,0.43946847,-0.7412465,0.9943569,2.283548,Stromal,2
Cell_452,0.57373506,1.1413887,-0.52126443,-0.34423107,-0.95642245,-1.4557496,-0.031451404,-0.12714405,1.3924373,2.1055589,Stromal,2
Cell_453,0.2662465,-1.1924231,-0.5055367,-0.60546476,-0.09377294,-0.23275882,-2.4353127,0.38347128,-0.07732567,2.130175,Stromal,2
Cell_454,-0.38993502,0.06162054,-0.5788912,-0.29103485,-0.24338499,0.10253914,1.8546587,-0.97660124,1.7365518,2.1076956,Stromal,2
Cell_455,-0.035756886,2.1148758,-0.45892954,-0.87483525,0.64396954,-0.5976624,-0.21005595,-0.39100087,-0.27003053,2.026154,Stromal,2
Cell_456,0.6804261,-0.28481954,-0.6287435,1.3019884,0.53637457,-0.6443863,0.7832321,-0.3565189,0.30246654,1.9508935,Stromal,2
Cell_457,0.46889353,0.638711,-0.81031406,-0.651311,-0.36634865,-1.8680832,1.2333559,0.18069318,0.21833141,2.1814072,Stromal,2
Cell_458,0.004120469,0.3912956,-0.60698926,0.28981566,0.30984873,-0.44858265,1.127966,2.028507,-0.03222552,2.1056364,Stromal,2
Cell_459,0.8860059,0.5781428,-0.3905508,-0.81333834,-0.7060528,-1.0157661,-0.7042916,0.79858136,1.581728,2.0389488,Stromal,2
Cell_460,0.50403595,0.0895286,-0.4527256,-0.16769303,0.10282898,-0.8387346,0.4402334,0.45357695,1.3600682,2.070432,Stromal,2
Cell_461,0.67815477,1.693206,-0.71378386,0.37583026,0.96048903,-1.078189,0.42653358,0.19761612,0.45454788,2.047681,Stromal,2
Cell_462,1.2679665,0.25175083,-0.6015918,-0.82066154,0.863191,-1.5644983,-0.9537865,0.6131498,0.006647408,2.1843271,Stromal,2
Cell_463,1.6699208,-0.18171634,-0.67449486,-0.61493945,-0.6477203,1.1963037,1.5346761,1.0436469,1.6687037,2.178883,Stromal,2
Cell_464,1.5945733,-1.0262673,-0.42475957,-0.61909735,-0.93454516,0.4314872,0.39381397,0.14070931,0.64111745,1.9389839,Stromal,2
Cell_465,0.8741495,0.36963934,-0.5944586,-0.3787189,-0.54887724,0.14509758,1.039464,1.4022481,0.94018877,2.2280633,Stromal,2
Cell_466,0.37829638,-1.8732061,-0.6573658,-1.4740099,-0.6188463,-1.1060872,2.169271,-0.7371136,0.68283224,2.0553255,Stromal,2
Cell_467,0.6447142,1.7353139,-0.34319103,0.16580763,1.0398455,-0.18900551,1.1855135,-0.47246417,-0.30716047,2.1122212,Stromal,2
Cell_468,0.7526258,0.48506892,-0.6313125,0.47570252,-0.37244573,0.27998307,0.03805989,-1.0752062,-0.2695952,1.9132066,Stromal,2
Cell_469,0.86856234,-1.3188335,-0.66509706,-0.29815367,1.5209094,0.4198784,1.7246299,-0.15013665,1.1317117,2.0356774,Stromal,2
Cell_470,0.7068355,-0.89667916,-0.79900146,-0.043432787,0.2408523,-1.3670955,0.4943828,0.34797987,0.119015634,2.0887325,Stromal,2
Cell_471,0.74426645,0.641539,-0.81329817,0.45298463,-1.0789964,-1.0496184,0.66733795,1.3878502,0.8455881,2.1696146,Stromal,2
Cell_472,1.1425114,-1.050034,-0.44447145,-1.4708706,-0.8780688,0.1964153,0.8079674,0.70249194,0.9928615,2.1471038,Stromal,2
Cell_473,0.6362866,-1.5282289,-0.43260866,0.9259694,-0.36793107,0.2655988,1.5699337,0.5249371,1.0222962,1.9962406,Stromal,2
Cell_474,-0.029551327,-0.23098737,-0.48585057,0.92750347,1.034776,-0.24880466,0.9897151,0.895646,-0.03835386,1.9969066,Stromal,2
Cell_475,0.7584665,0.1629158,-0.79631203,1.0987251,0.6956786,0.8809889,1.0581605,-0.9597433,1.3236765,2.0856962,Stromal,2
Cell_476,0.49603975,2.1401818,-0.6376159,-0.07603866,-0.79772997,0.26595005,1.2085929,-0.42492312,-0.9953147,1.989607,Stromal,2
Cell_477,0.7855642,3.468427,-0.6092916,-0.1605329,0.017851189,-0.4511391,0.7455585,0.1955384,0.6649004,1.9543973,Stromal,2
Cell_478,-0.081018865,0.9704995,-0.49715415,1.0277935,-0.71125066,-0.8590621,1.786661,-0.28975677,-0.2239629,2.1207263,Stromal,2
Cell_479,0.67484593,0.7041372,-0.5770462,0.7010539,-0.7325736,-0.11773506,-1.230573,-0.44079614,-0.68004537,2.1975963,Stromal,2
Cell_480,0.19106871,1.9656279,-0.5695485,0.24918658,0.029573396,0.5776086,-1.1492448,-0.22089222,-0.51164675,2.0860972,Stromal,2
Cell_481,1.7833605,-1.5746869,-0.4700961,-0.4814161,0.44872236,-0.98107845,-0.34651983,-0.3699598,0.6140733,2.176738,Stromal,2
Cell_482,0.23418275,-0.37831235,-0.6121396,-1.1000453,-0.11206204,-0.7856276,0.4647912,-0.6138853,0.2284029,2.0970798,Stromal,2
Cell_483,0.5481653,2.0692463,-0.67880183,-1.773124,-0.49967593,-1.2542567,0.8399547,1.0293983,0.70128644,2.0408115,Stromal,2
Cell_484,2.2943497,0.3532216,-0.4012531,-0.5278693,0.037180036,-0.54707956,1.1026864,0.8921277,-0.60863495,2.124437,Stromal,2
Cell_485,0.37006927,1.7545255,-0.44971853,0.15893912,-0.83609873,-0.61270565,-0.046173483,-0.8026272,0.7414642,2.1357665,Stromal,2
Cell_486,1.4441247,0.6861359,-0.71393424,0.8877288,0.28289157,0.15142477,2.517236,1.7515571,-1.080322,2.2539911,Stromal,2
Cell_487,-0.10156131,0.12846002,-0.5254731,0.989735,0.80053097,-0.68139136,1.6792469,1.177777,-0.16376758,2.2210746,Stromal,2
Cell_488,0.22777963,1.3174322,-0.5889531,1.6507193,0.009948865,-0.112727195,-0.7594299,0.49187207,-0.18616015,2.1700025,Stromal,2
Cell_489,1.044842,-0.24162805,-0.52717227,0.53767586,-1.6504731,-1.6336689,-0.61362386,0.20776978,-0.55507076,1.8693452,Stromal,2
Cell_490,0.60263944,-0.5721942,-0.83710647,-1.2082877,-0.2232383,-0.85863656,0.74439067,0.46040413,0.03700158,2.1732593,Stromal,2
Cell_491,-0.8861857,-0.025623038,-0.5277709,-0.8229933,0.1771177,0.021947503,1.1596231,0.9972212,0.2587592,2.0796554,Stromal,2
Cell_492,0.22769102,1.3806748,-0.5588312,-1.43451,-0.016102016,1.35789,2.2554777,0.56294054,-0.08484155,2.166011,Stromal,2
Cell_493,2.0028827,-0.31763124,-0.6806313,-1.4574921,-0.07982418,1.3746744,-0.2705604,1.7429283,-0.026651591,2.1314182,Stromal,2
Cell_494,-0.15938157,-0.10403684,-0.6828033,-1.1400094,0.27855635,-0.6648519,0.678414,1.4772449,0.48852253,2.0908818,Stromal,2
Cell_495,0.5428828,1.5322217,-0.5664704,1.7556801,-0.3151641,-0.3828651,-0.6838674,0.6446065,-0.74764276,2.0081816,Stromal,2
Cell_496,1.0627383,-0.8409716,-0.69081926,0.16165002,0.5733238,0.57491004,-0.13439777,-1.0558578,1.0127082,2.131866,Stromal,2
Cell_497,-0.1795798,1.307986,-0.28406173,-0.97300833,0.5616852,0.024573326,1.3419998,-1.7400211,1.3529704,2.1779122,Stromal,2
Cell_498,1.4333693,1.2905772,-0.4604943,1.6087834,-0.23167843,0.010919601,0.79654914,0.3353591,1.4229283,2.2121606,Stromal,2
Cell_499,1.5885192,-0.042846173,-0.54963404,-1.358919,0.9320895,-0.6015948,1.1914836,1.0009791,-0.37290418,2.1204503,Stromal,2
